<?xml version="1.0" encoding="UTF-8"?>
<project-private xmlns="http://www.netbeans.org/ns/project-private/1">
    <editor-bookmarks xmlns="http://www.netbeans.org/ns/editor-bookmarks/2" lastBookmarkId="0"/>
    <open-files xmlns="http://www.netbeans.org/ns/projectui-open-files/2">
        <group>
            <file>file:/C:/Users/argal/Documents/NetBeansProjects/mini_project/web/newjsp.jsp</file>
            <file>file:/C:/Users/argal/Documents/NetBeansProjects/mini_project/web/index.jsp</file>
            <file>file:/C:/Users/argal/Documents/NetBeansProjects/mini_project/web/mobiles.jsp</file>
            <file>file:/C:/Users/argal/Documents/NetBeansProjects/mini_project/web/login.jsp</file>
            <file>file:/C:/Users/argal/Documents/NetBeansProjects/mini_project/src/java/Main/LogOut.java</file>
            <file>file:/C:/Users/argal/Documents/NetBeansProjects/mini_project/src/java/Main/Register.java</file>
            <file>file:/C:/Users/argal/Documents/NetBeansProjects/mini_project/web/post-ad.jsp</file>
            <file>file:/C:/Users/argal/Documents/NetBeansProjects/mini_project/web/register.jsp</file>
            <file>file:/C:/Users/argal/Documents/NetBeansProjects/mini_project/web/check.jsp</file>
            <file>file:/C:/Users/argal/Documents/NetBeansProjects/mini_project/src/java/Tables/campus.java</file>
            <file>file:/C:/Users/argal/Documents/NetBeansProjects/mini_project/src/java/Tables/Add_Details.java</file>
            <file>file:/C:/Users/argal/Documents/NetBeansProjects/mini_project/src/java/Action/creator.java</file>
            <file>file:/C:/Users/argal/Documents/NetBeansProjects/mini_project/src/java/Main/Add_reg.java</file>
            <file>file:/C:/Users/argal/Documents/NetBeansProjects/mini_project/src/java/hibernate.cfg.xml</file>
            <file>file:/C:/Users/argal/Documents/NetBeansProjects/mini_project/web/css/style.css</file>
            <file>file:/C:/Users/argal/Documents/NetBeansProjects/mini_project/web/book.jsp</file>
            <file>file:/C:/Users/argal/Documents/NetBeansProjects/mini_project/web/electronics.jsp</file>
            <file>file:/C:/Users/argal/Documents/NetBeansProjects/mini_project/web/fashion.jsp</file>
            <file>file:/C:/Users/argal/Documents/NetBeansProjects/mini_project/web/css/bootstrap.min.css</file>
            <file>file:/C:/Users/argal/Documents/NetBeansProjects/mini_project/web/images/fa4.jpg</file>
            <file>file:/C:/Users/argal/Documents/NetBeansProjects/mini_project/web/images/fa5.jpg</file>
            <file>file:/C:/Users/argal/Documents/NetBeansProjects/mini_project/web/images/fa3.jpg</file>
            <file>file:/C:/Users/argal/Documents/NetBeansProjects/mini_project/web/images/fa2.jpg</file>
            <file>file:/C:/Users/argal/Documents/NetBeansProjects/mini_project/src/java/Main/cat_select.java</file>
            <file>file:/C:/Users/argal/Documents/NetBeansProjects/mini_project/src/java/Main/e_cat_select.java</file>
            <file>file:/C:/Users/argal/Documents/NetBeansProjects/mini_project/src/java/Main/f_cat_select.java</file>
            <file>file:/C:/Users/argal/Documents/NetBeansProjects/mini_project/web/books.jsp</file>
            <file>file:/C:/Users/argal/Documents/NetBeansProjects/mini_project/src/java/Main/sort.java</file>
            <file>file:/C:/Users/argal/Documents/NetBeansProjects/mini_project/src/java/Main/e_sort.java</file>
            <file>file:/C:/Users/argal/Documents/NetBeansProjects/mini_project/src/java/Main/f_sort.java</file>
            <file>file:/C:/Users/argal/Documents/NetBeansProjects/mini_project/src/java/Main/b_sort.java</file>
            <file>file:/C:/Users/argal/Documents/NetBeansProjects/mini_project/src/java/Main/b_cat_select.java</file>
            <file>file:/C:/Users/argal/Documents/NetBeansProjects/mini_project/src/java/Tables/User_Details.java</file>
            <file>file:/C:/Users/argal/Documents/NetBeansProjects/mini_project/src/java/Main/Authentication.java</file>
            <file>file:/C:/Users/argal/Documents/NetBeansProjects/mini_project/src/java/jdbc/jdbc.java</file>
        </group>
    </open-files>
</project-private>
